{
    "name": "root",
    "metadata": {
        "timer_format_version": "0.1.0",
        "start_time_seconds": "1707391075",
        "python_version": "3.10.12 | packaged by Anaconda, Inc. | (main, Jul  5 2023, 19:01:18) [MSC v.1916 64 bit (AMD64)]",
        "command_line_arguments": "C:\\Users\\migli\\.conda\\envs\\mlagents\\Scripts\\mlagents-learn config/agilitydog2_config.yaml --run-id=Agility6 --force",
        "mlagents_version": "1.1.0.dev0",
        "mlagents_envs_version": "1.1.0.dev0",
        "communication_protocol_version": "1.5.0",
        "pytorch_version": "2.1.1+cpu",
        "numpy_version": "1.23.5",
        "end_time_seconds": "1707391105"
    },
    "total": 29.247851699998137,
    "count": 1,
    "self": 0.03816470000310801,
    "children": {
        "run_training.setup": {
            "total": 0.3806765000044834,
            "count": 1,
            "self": 0.3806765000044834
        },
        "TrainerController.start_learning": {
            "total": 28.829010499990545,
            "count": 1,
            "self": 0.00032289998489432037,
            "children": {
                "TrainerController._reset_env": {
                    "total": 28.81893239999772,
                    "count": 1,
                    "self": 24.737335699988762,
                    "children": {
                        "demo_to_buffer": {
                            "total": 4.081596700008959,
                            "count": 1,
                            "self": 0.0002799000358209014,
                            "children": {
                                "load_demonstration": {
                                    "total": 0.06389409999246709,
                                    "count": 1,
                                    "self": 0.06116929999552667,
                                    "children": {
                                        "read_file": {
                                            "total": 0.002724799996940419,
                                            "count": 1,
                                            "self": 0.002724799996940419
                                        }
                                    }
                                },
                                "make_demo_buffer": {
                                    "total": 4.017422699980671,
                                    "count": 1,
                                    "self": 0.6586485003936104,
                                    "children": {
                                        "steps_from_proto": {
                                            "total": 3.35877419958706,
                                            "count": 4424,
                                            "self": 1.801876402401831,
                                            "children": {
                                                "_process_rank_one_or_two_observation": {
                                                    "total": 1.5568977971852291,
                                                    "count": 26544,
                                                    "self": 1.5568977971852291
                                                }
                                            }
                                        }
                                    }
                                }
                            }
                        }
                    }
                },
                "TrainerController._save_models": {
                    "total": 0.009755200007930398,
                    "count": 1,
                    "self": 0.0006336999940685928,
                    "children": {
                        "RLTrainer._checkpoint": {
                            "total": 0.009121500013861805,
                            "count": 1,
                            "self": 0.009121500013861805
                        }
                    }
                }
            }
        }
    }
}